t_envio,origen,destino,t_recibido,retraso,resultado
0,0,1,20000,0,UNDERFLOW
0,1,4,0,0,PERDIDO
0,3,253,0,0,PERDIDO
0,2,167,0,0,PERDIDO
0,0,51,0,0,PERDIDO
0,1,63,0,0,PERDIDO
0,0,138,0,0,PERDIDO
0,0,234,0,0,PERDIDO
45000,2,0,275000,230000,COMPLETADO
0,0,118,0,0,PERDIDO
0,0,38,0,0,PERDIDO
0,1,93,0,0,PERDIDO
0,1,135,0,0,PERDIDO
0,0,58,0,0,PERDIDO
155000,3,0,475000,320000,COMPLETADO
0,1,238,0,0,PERDIDO
0,1,45,0,0,PERDIDO
0,1,64,0,0,PERDIDO
0,2,139,0,0,PERDIDO
0,2,147,0,0,PERDIDO
0,1,109,0,0,PERDIDO
0,0,188,0,0,PERDIDO
25000,0,1,675000,650000,COMPLETADO
25000,0,2,675000,650000,COMPLETADO
25000,0,3,675000,650000,COMPLETADO
0,3,16,0,0,PERDIDO
0,3,128,0,0,PERDIDO
0,1,66,0,0,PERDIDO
0,3,202,0,0,PERDIDO
0,1,145,0,0,PERDIDO
0,1,45,0,0,PERDIDO
0,1,62,0,0,PERDIDO
0,2,79,0,0,PERDIDO
0,2,101,0,0,PERDIDO
0,2,50,0,0,PERDIDO
0,3,150,0,0,PERDIDO
0,1,200,0,0,PERDIDO
0,3,112,0,0,PERDIDO
0,0,170,0,0,PERDIDO
0,3,237,0,0,PERDIDO
0,1,37,0,0,PERDIDO
0,2,242,0,0,PERDIDO
0,3,227,0,0,PERDIDO
145000,2,0,1075000,930000,COMPLETADO
0,1,163,0,0,PERDIDO
0,1,114,0,0,PERDIDO
0,1,218,0,0,PERDIDO
0,2,4,0,0,PERDIDO
0,3,145,0,0,PERDIDO
0,3,242,0,0,PERDIDO
0,2,93,0,0,PERDIDO
0,1,108,0,0,PERDIDO
0,3,84,0,0,PERDIDO
0,2,119,0,0,PERDIDO
0,3,105,0,0,PERDIDO
0,3,241,0,0,PERDIDO
0,0,52,0,0,PERDIDO
0,3,203,0,0,PERDIDO
0,1,59,0,0,PERDIDO
0,1,13,0,0,PERDIDO
0,2,83,0,0,PERDIDO
0,1,31,0,0,PERDIDO
85000,0,1,1475000,1390000,COMPLETADO
0,3,40,0,0,PERDIDO
0,2,248,0,0,PERDIDO
0,1,132,0,0,PERDIDO
135000,1,0,1675000,1540000,COMPLETADO
0,1,106,0,0,PERDIDO
0,0,13,0,0,PERDIDO
0,2,168,0,0,PERDIDO
0,1,81,0,0,PERDIDO
0,3,42,0,0,PERDIDO
0,2,72,0,0,PERDIDO
0,0,176,0,0,PERDIDO
0,3,70,0,0,PERDIDO
455000,2,0,1875000,1420000,COMPLETADO
455000,2,1,1875000,1420000,COMPLETADO
455000,2,3,1875000,1420000,COMPLETADO
0,3,222,0,0,PERDIDO
0,2,189,0,0,PERDIDO
0,0,164,0,0,PERDIDO
0,2,22,0,0,PERDIDO
0,3,160,0,0,PERDIDO
0,3,33,0,0,PERDIDO
0,1,33,0,0,PERDIDO
0,0,16,0,0,PERDIDO
0,3,63,0,0,PERDIDO
555000,3,0,2075000,1520000,COMPLETADO
555000,3,1,2075000,1520000,COMPLETADO
555000,3,2,2075000,1520000,COMPLETADO
0,0,119,0,0,PERDIDO
725000,0,1,2275000,1550000,COMPLETADO
1465000,3,0,2875000,1410000,COMPLETADO
1465000,3,1,2875000,1410000,COMPLETADO
1465000,3,2,2875000,1410000,COMPLETADO
1525000,0,1,3075000,1550000,COMPLETADO
1845000,1,0,3275000,1430000,COMPLETADO
1845000,1,2,3275000,1430000,COMPLETADO
1845000,1,3,3275000,1430000,COMPLETADO
2095000,2,0,3475000,1380000,COMPLETADO
2095000,2,1,3475000,1380000,COMPLETADO
2095000,2,3,3475000,1380000,COMPLETADO
2205000,3,2,3675000,1470000,COMPLETADO
2325000,0,1,3875000,1550000,COMPLETADO
2625000,1,0,4075000,1450000,COMPLETADO
2805000,2,0,4275000,1470000,COMPLETADO
3105000,3,0,4475000,1370000,COMPLETADO
3105000,3,1,4475000,1370000,COMPLETADO
3105000,3,2,4475000,1370000,COMPLETADO
3125000,0,1,4675000,1550000,COMPLETADO
3335000,1,0,4875000,1540000,COMPLETADO
3335000,1,2,4875000,1540000,COMPLETADO
3335000,1,3,4875000,1540000,COMPLETADO
3665000,2,0,5075000,1410000,COMPLETADO
3725000,3,0,5275000,1550000,COMPLETADO
3725000,3,1,5275000,1550000,COMPLETADO
3725000,3,2,5275000,1550000,COMPLETADO
3925000,0,1,5475000,1550000,COMPLETADO
4145000,1,0,5675000,1530000,COMPLETADO
4145000,1,2,5675000,1530000,COMPLETADO
4145000,1,3,5675000,1530000,COMPLETADO
4475000,2,1,5875000,1400000,COMPLETADO
4685000,3,1,6075000,1390000,COMPLETADO
4725000,0,1,6275000,1550000,COMPLETADO
5245000,2,0,6675000,1430000,COMPLETADO
5245000,2,1,6675000,1430000,COMPLETADO
5245000,2,3,6675000,1430000,COMPLETADO
5435000,3,0,6875000,1440000,COMPLETADO
5435000,3,1,6875000,1440000,COMPLETADO
5435000,3,2,6875000,1440000,COMPLETADO
5525000,0,1,7075000,1550000,COMPLETADO
6275000,3,0,7675000,1400000,COMPLETADO
6275000,3,1,7675000,1400000,COMPLETADO
6275000,3,2,7675000,1400000,COMPLETADO
6705000,1,2,8075000,1370000,COMPLETADO
6825000,2,1,8275000,1450000,COMPLETADO
7135000,0,1,8675000,1540000,COMPLETADO
7135000,0,2,8675000,1540000,COMPLETADO
7135000,0,3,8675000,1540000,COMPLETADO
8415000,2,0,9875000,1460000,COMPLETADO
8415000,2,1,9875000,1460000,COMPLETADO
8415000,2,3,9875000,1460000,COMPLETADO
8685000,3,0,10075000,1390000,COMPLETADO
8685000,3,1,10075000,1390000,COMPLETADO
8685000,3,2,10075000,1390000,COMPLETADO
9145000,2,1,10675000,1530000,COMPLETADO
9745000,1,3,11275000,1530000,COMPLETADO
10095000,2,0,11475000,1380000,COMPLETADO
10095000,2,1,11475000,1380000,COMPLETADO
10095000,2,3,11475000,1380000,COMPLETADO
10235000,3,0,11675000,1440000,COMPLETADO
10235000,3,1,11675000,1440000,COMPLETADO
10235000,3,2,11675000,1440000,COMPLETADO
11325000,0,2,12675000,1350000,COMPLETADO
11375000,1,3,12875000,1500000,COMPLETADO
11945000,0,1,13475000,1530000,COMPLETADO
11945000,0,2,13475000,1530000,COMPLETADO
11945000,0,3,13475000,1530000,COMPLETADO
12195000,1,0,13675000,1480000,COMPLETADO
12705000,3,0,14075000,1370000,COMPLETADO
12705000,3,1,14075000,1370000,COMPLETADO
12705000,3,2,14075000,1370000,COMPLETADO
13145000,2,0,14675000,1530000,COMPLETADO
13705000,0,1,15075000,1370000,COMPLETADO
13705000,0,2,15075000,1370000,COMPLETADO
13705000,0,3,15075000,1370000,COMPLETADO
14485000,0,1,15875000,1390000,COMPLETADO
14485000,0,2,15875000,1390000,COMPLETADO
14485000,0,3,15875000,1390000,COMPLETADO
15005000,3,0,16475000,1470000,COMPLETADO
15005000,3,1,16475000,1470000,COMPLETADO
15005000,3,2,16475000,1470000,COMPLETADO
15225000,0,2,16675000,1450000,COMPLETADO
15375000,1,3,16875000,1500000,COMPLETADO
15625000,2,0,17075000,1450000,COMPLETADO
15625000,2,1,17075000,1450000,COMPLETADO
15625000,2,3,17075000,1450000,COMPLETADO
15815000,3,0,17275000,1460000,COMPLETADO
15815000,3,1,17275000,1460000,COMPLETADO
15815000,3,2,17275000,1460000,COMPLETADO
16105000,0,1,17475000,1370000,COMPLETADO
16105000,0,2,17475000,1370000,COMPLETADO
16105000,0,3,17475000,1370000,COMPLETADO
16255000,1,0,17675000,1420000,COMPLETADO
16255000,1,2,17675000,1420000,COMPLETADO
16255000,1,3,17675000,1420000,COMPLETADO
16525000,2,0,17875000,1350000,COMPLETADO
16525000,2,1,17875000,1350000,COMPLETADO
16525000,2,3,17875000,1350000,COMPLETADO
16835000,0,1,18275000,1440000,COMPLETADO
16835000,0,2,18275000,1440000,COMPLETADO
16835000,0,3,18275000,1440000,COMPLETADO
17245000,2,0,18675000,1430000,COMPLETADO
17555000,0,2,19075000,1520000,COMPLETADO
17875000,1,3,19275000,1400000,COMPLETADO
18395000,0,1,19875000,1480000,COMPLETADO
18395000,0,2,19875000,1480000,COMPLETADO
18395000,0,3,19875000,1480000,COMPLETADO
18865000,2,0,20275000,1410000,COMPLETADO
18865000,2,1,20275000,1410000,COMPLETADO
18865000,2,3,20275000,1410000,COMPLETADO
19195000,0,1,20675000,1480000,COMPLETADO
19195000,0,2,20675000,1480000,COMPLETADO
19195000,0,3,20675000,1480000,COMPLETADO
19445000,1,0,20875000,1430000,COMPLETADO
19445000,1,2,20875000,1430000,COMPLETADO
19445000,1,3,20875000,1430000,COMPLETADO
20455000,2,0,21875000,1420000,COMPLETADO
20775000,0,1,22275000,1500000,COMPLETADO
20775000,0,2,22275000,1500000,COMPLETADO
20775000,0,3,22275000,1500000,COMPLETADO
20965000,1,2,22475000,1510000,COMPLETADO
21225000,2,0,22675000,1450000,COMPLETADO
21225000,2,1,22675000,1450000,COMPLETADO
21225000,2,3,22675000,1450000,COMPLETADO
21425000,3,2,22875000,1450000,COMPLETADO
21665000,0,1,23075000,1410000,COMPLETADO
21665000,0,2,23075000,1410000,COMPLETADO
21665000,0,3,23075000,1410000,COMPLETADO
21995000,2,0,23475000,1480000,COMPLETADO
22215000,3,0,23675000,1460000,COMPLETADO
22215000,3,1,23675000,1460000,COMPLETADO
22215000,3,2,23675000,1460000,COMPLETADO
22345000,0,2,23875000,1530000,COMPLETADO
22745000,2,1,24275000,1530000,COMPLETADO
22975000,3,1,24475000,1500000,COMPLETADO
23155000,0,1,24675000,1520000,COMPLETADO
23935000,0,1,25475000,1540000,COMPLETADO
23935000,0,2,25475000,1540000,COMPLETADO
23935000,0,3,25475000,1540000,COMPLETADO
24405000,2,0,25875000,1470000,COMPLETADO
24405000,2,1,25875000,1470000,COMPLETADO
24405000,2,3,25875000,1470000,COMPLETADO
24665000,3,0,26075000,1410000,COMPLETADO
24665000,3,1,26075000,1410000,COMPLETADO
24665000,3,2,26075000,1410000,COMPLETADO
24735000,0,3,26275000,1540000,COMPLETADO
25015000,1,0,26475000,1460000,COMPLETADO
25015000,1,2,26475000,1460000,COMPLETADO
25015000,1,3,26475000,1460000,COMPLETADO
25165000,2,1,26675000,1510000,COMPLETADO
25435000,3,0,26875000,1440000,COMPLETADO
25875000,1,0,27275000,1400000,COMPLETADO
25875000,1,2,27275000,1400000,COMPLETADO
25875000,1,3,27275000,1400000,COMPLETADO
26315000,3,1,27675000,1360000,COMPLETADO
26525000,0,1,27875000,1350000,COMPLETADO
26525000,0,2,27875000,1350000,COMPLETADO
26525000,0,3,27875000,1350000,COMPLETADO
26795000,2,0,28275000,1480000,COMPLETADO
26795000,2,1,28275000,1480000,COMPLETADO
26795000,2,3,28275000,1480000,COMPLETADO
27095000,3,0,28475000,1380000,COMPLETADO
27095000,3,1,28475000,1380000,COMPLETADO
27095000,3,2,28475000,1380000,COMPLETADO
27285000,0,1,28675000,1390000,COMPLETADO
27285000,0,2,28675000,1390000,COMPLETADO
27285000,0,3,28675000,1390000,COMPLETADO
27745000,3,0,29275000,1530000,COMPLETADO
27745000,3,1,29275000,1530000,COMPLETADO
27745000,3,2,29275000,1530000,COMPLETADO
28025000,0,1,29475000,1450000,COMPLETADO
28025000,0,2,29475000,1450000,COMPLETADO
28025000,0,3,29475000,1450000,COMPLETADO
28395000,2,3,29875000,1480000,COMPLETADO
28535000,3,2,30075000,1540000,COMPLETADO
28765000,0,2,30275000,1510000,COMPLETADO
29075000,1,0,30475000,1400000,COMPLETADO
29075000,1,2,30475000,1400000,COMPLETADO
29075000,1,3,30475000,1400000,COMPLETADO
29285000,2,3,30675000,1390000,COMPLETADO
29355000,3,0,30875000,1520000,COMPLETADO
29355000,3,1,30875000,1520000,COMPLETADO
29355000,3,2,30875000,1520000,COMPLETADO
29575000,0,1,31075000,1500000,COMPLETADO
29575000,0,2,31075000,1500000,COMPLETADO
29575000,0,3,31075000,1500000,COMPLETADO
29925000,1,0,31275000,1350000,COMPLETADO
29925000,1,2,31275000,1350000,COMPLETADO
29925000,1,3,31275000,1350000,COMPLETADO
30125000,2,0,31475000,1350000,COMPLETADO
30125000,2,1,31475000,1350000,COMPLETADO
30125000,2,3,31475000,1350000,COMPLETADO
30255000,3,1,31675000,1420000,COMPLETADO
30365000,0,1,31875000,1510000,COMPLETADO
30535000,1,2,32075000,1540000,COMPLETADO
31085000,3,0,32475000,1390000,COMPLETADO
31085000,3,1,32475000,1390000,COMPLETADO
31085000,3,2,32475000,1390000,COMPLETADO
31205000,0,1,32675000,1470000,COMPLETADO
31375000,1,3,32875000,1500000,COMPLETADO
31645000,2,0,33075000,1430000,COMPLETADO
31645000,2,1,33075000,1430000,COMPLETADO
31645000,2,3,33075000,1430000,COMPLETADO
32115000,0,2,33475000,1360000,COMPLETADO
33045000,1,0,34475000,1430000,COMPLETADO
33265000,2,1,34675000,1410000,COMPLETADO
33655000,0,1,35075000,1420000,COMPLETADO
34265000,3,0,35675000,1410000,COMPLETADO
34265000,3,1,35675000,1410000,COMPLETADO
34265000,3,2,35675000,1410000,COMPLETADO
34385000,0,1,35875000,1490000,COMPLETADO
34385000,0,2,35875000,1490000,COMPLETADO
34385000,0,3,35875000,1490000,COMPLETADO
34605000,1,2,36075000,1470000,COMPLETADO
34885000,2,0,36275000,1390000,COMPLETADO
35295000,0,2,36675000,1380000,COMPLETADO
35385000,1,0,36875000,1490000,COMPLETADO
35385000,1,2,36875000,1490000,COMPLETADO
35385000,1,3,36875000,1490000,COMPLETADO
35615000,2,1,37075000,1460000,COMPLETADO
36095000,0,2,37475000,1380000,COMPLETADO
36335000,2,0,37875000,1540000,COMPLETADO
36335000,2,1,37875000,1540000,COMPLETADO
36335000,2,3,37875000,1540000,COMPLETADO
36645000,3,1,38075000,1430000,COMPLETADO
36835000,0,1,38275000,1440000,COMPLETADO
36835000,0,2,38275000,1440000,COMPLETADO
36835000,0,3,38275000,1440000,COMPLETADO
37125000,1,0,38475000,1350000,COMPLETADO
37285000,2,3,38675000,1390000,COMPLETADO
37555000,0,1,39075000,1520000,COMPLETADO
37555000,0,2,39075000,1520000,COMPLETADO
37555000,0,3,39075000,1520000,COMPLETADO
37795000,1,3,39275000,1480000,COMPLETADO
38305000,3,0,39485000,1180000,COMPLETADO
38305000,3,1,39485000,1180000,COMPLETADO
38305000,3,2,39485000,1180000,COMPLETADO
38425000,0,1,39685000,1260000,COMPLETADO
38425000,0,2,39685000,1260000,COMPLETADO
38425000,0,3,39685000,1260000,COMPLETADO
39435000,1,0,40315000,880000,COMPLETADO
39435000,1,2,40315000,880000,COMPLETADO
39435000,1,3,40315000,880000,COMPLETADO
39815000,0,1,40545000,730000,COMPLETADO
39815000,0,2,40545000,730000,COMPLETADO
39815000,0,3,40545000,730000,COMPLETADO
40135000,1,0,40745000,610000,COMPLETADO
40135000,1,2,40745000,610000,COMPLETADO
40135000,1,3,40745000,610000,COMPLETADO
40525000,1,0,41175000,650000,COMPLETADO
40525000,1,2,41175000,650000,COMPLETADO
40525000,1,3,41175000,650000,COMPLETADO
40625000,0,1,41405000,780000,COMPLETADO
41125000,0,3,41655000,530000,COMPLETADO
41805000,0,3,42155000,350000,COMPLETADO
42075000,0,1,42405000,330000,COMPLETADO
42075000,0,2,42405000,330000,COMPLETADO
42075000,0,3,42405000,330000,COMPLETADO
42615000,0,1,42905000,290000,COMPLETADO
42615000,0,2,42905000,290000,COMPLETADO
42615000,0,3,42905000,290000,COMPLETADO
42895000,0,2,43155000,260000,COMPLETADO
